{"cameraMode":{"drawMode":0,"name":"Shaded","section":"Shading Mode"},"sceneLighting":true,"audioPlay":false,"sceneViewState":{"m_AlwaysRefresh":false,"showFog":true,"showSkybox":true,"showFlares":true,"showImageEffects":true,"showParticleSystems":true,"showVisualEffectGraphs":true,"m_FxEnabled":true},"in2DMode":false,"pivot":{"x":10.434175491333008,"y":6.264223575592041,"z":4.503925323486328},"rotation":{"x":-0.3412642478942871,"y":-0.01747811958193779,"z":0.006334756966680288,"w":-0.9398137331008911},"size":0.8660253882408142,"orthographic":false}